Event Receive Time,Event ID,Event Type,Event Name,Incident Reporting Device,Incident Source,Source IP,Source TCP/UDP Port,Incident Target,Destination IP,Destination TCP/UDP Port,Event Severity Category,Event Severity,Count
2020-07-13 16:49:04,18436613594901327,PAN-IDP-55852,PAN-IDP-55852,,,20.43.39.32,57214,,120.126.199.168,80,HIGH,9,1
2020-07-13 16:49:04,18436613594589861,PAN-IDP-55852,PAN-IDP-55852,,,20.43.39.32,59297,,120.126.199.168,80,HIGH,9,1
2020-07-13 16:49:04,18436613595248298,PAN-IDP-55852,PAN-IDP-55852,,,20.43.39.32,55395,,120.126.199.168,80,HIGH,9,1
2020-07-13 16:49:04,18436613595154716,PAN-IDP-55852,PAN-IDP-55852,,,20.43.39.32,49648,,120.126.199.168,80,HIGH,9,1
2020-07-13 16:51:12,18436613594742707,PAN-IDP-55852,PAN-IDP-55852,,,20.43.39.32,54173,,120.126.199.168,80,HIGH,9,1
2020-07-13 16:51:12,18436613595405900,PAN-IDP-55852,PAN-IDP-55852,,,20.43.39.32,53705,,120.126.199.168,80,HIGH,9,1
2020-07-13 16:51:12,18436613594926878,PAN-IDP-55852,PAN-IDP-55852,,,20.43.39.32,59282,,120.126.199.168,80,HIGH,9,1
2020-07-13 16:51:12,18436613595365339,PAN-IDP-55852,PAN-IDP-55852,,,20.43.39.32,64603,,120.126.199.168,80,HIGH,9,1
2020-07-13 16:53:20,18436613595322401,PAN-IDP-55852,PAN-IDP-55852,,,20.43.39.32,52769,,120.126.199.168,80,HIGH,9,1
2020-07-13 16:53:20,18436613595326888,PAN-IDP-55852,PAN-IDP-55852,,,20.43.39.32,56576,,120.126.199.168,80,HIGH,9,1
2020-07-13 16:53:20,18436613595427006,PAN-IDP-55852,PAN-IDP-55852,,,20.43.39.32,59993,,120.126.199.168,80,HIGH,9,1
2020-07-13 16:53:20,18436613595613150,PAN-IDP-55852,PAN-IDP-55852,,,20.43.39.32,62858,,120.126.199.168,80,HIGH,9,1
2020-07-13 16:53:20,18436613595435528,PAN-IDP-55852,PAN-IDP-55852,,,20.43.39.32,49325,,120.126.199.168,80,HIGH,9,1
2020-07-13 16:55:28,18436613595197823,PAN-IDP-55852,PAN-IDP-55852,,,20.43.39.32,52126,,120.126.199.168,80,HIGH,9,1
2020-07-13 16:55:28,18436613595856731,PAN-IDP-55852,PAN-IDP-55852,,,20.43.39.32,55239,,120.126.199.168,80,HIGH,9,1
2020-07-13 16:55:28,18436613595861804,PAN-IDP-55852,PAN-IDP-55852,,,20.43.39.32,58561,,120.126.199.168,80,HIGH,9,1
2020-07-13 16:55:28,18436613595866230,PAN-IDP-55852,PAN-IDP-55852,,,20.43.39.32,61438,,120.126.199.168,80,HIGH,9,1
2020-07-13 16:57:36,18436613595822233,PAN-IDP-55852,PAN-IDP-55852,,,20.43.39.32,64116,,120.126.199.168,80,HIGH,9,1
2020-07-13 16:57:36,18436613595596239,PAN-IDP-55852,PAN-IDP-55852,,,20.43.39.32,50444,,120.126.199.168,80,HIGH,9,1
2020-07-13 16:57:36,18436613596072033,PAN-IDP-55852,PAN-IDP-55852,,,20.43.39.32,52509,,120.126.199.168,80,HIGH,9,1
2020-07-13 16:57:36,18436613595692542,PAN-IDP-55852,PAN-IDP-55852,,,20.43.39.32,54179,,120.126.199.168,80,HIGH,9,1
2020-07-13 16:57:36,18436613596129815,PAN-IDP-55852,PAN-IDP-55852,,,20.43.39.32,56971,,120.126.199.168,80,HIGH,9,1
2020-07-13 16:59:44,18436613596134070,PAN-IDP-55852,PAN-IDP-55852,,,20.43.39.32,59844,,120.126.199.168,80,HIGH,9,1
2020-07-13 16:59:44,18436613596598399,PAN-IDP-55852,PAN-IDP-55852,,,20.43.39.32,62107,,120.126.199.168,80,HIGH,9,1
2020-07-13 16:59:44,18436613596045094,PAN-IDP-55852,PAN-IDP-55852,,,20.43.39.32,64805,,120.126.199.168,80,HIGH,9,1
2020-07-13 16:59:44,18436613596465291,PAN-IDP-55852,PAN-IDP-55852,,,20.43.39.32,50323,,120.126.199.168,80,HIGH,9,1
2020-07-13 17:01:52,18436613596339486,PAN-IDP-55852,PAN-IDP-55852,,,20.43.39.32,53406,,120.126.199.168,80,HIGH,9,1
2020-07-13 17:01:52,18436613596475738,PAN-IDP-55852,PAN-IDP-55852,,,20.43.39.32,56270,,120.126.199.168,80,HIGH,9,1
2020-07-13 17:01:52,18436613596718359,PAN-IDP-55852,PAN-IDP-55852,,,20.43.39.32,58956,,120.126.199.168,80,HIGH,9,1
2020-07-13 17:01:52,18436613596626372,PAN-IDP-55852,PAN-IDP-55852,,,20.43.39.32,60670,,120.126.199.168,80,HIGH,9,1
2020-07-13 17:04:00,18436613596920780,PAN-IDP-55852,PAN-IDP-55852,,,20.43.39.32,62423,,120.126.199.168,80,HIGH,9,1
2020-07-13 17:04:00,18436613597069662,PAN-IDP-55852,PAN-IDP-55852,,,20.43.39.32,64099,,120.126.199.168,80,HIGH,9,1
2020-07-13 17:04:00,18436613596880250,PAN-IDP-55852,PAN-IDP-55852,,,20.43.39.32,51153,,120.126.199.168,80,HIGH,9,1
2020-07-13 17:04:00,18436613596787068,PAN-IDP-55852,PAN-IDP-55852,,,20.43.39.32,56314,,120.126.199.168,80,HIGH,9,1
2020-07-13 17:06:08,18436613596888181,PAN-IDP-55852,PAN-IDP-55852,,,20.43.39.32,61564,,120.126.199.168,80,HIGH,9,1
2020-07-13 17:06:08,18436613597258859,PAN-IDP-55852,PAN-IDP-55852,,,20.43.39.32,57449,,120.126.199.168,80,HIGH,9,1
2020-07-13 17:06:08,18436613596992693,PAN-IDP-55852,PAN-IDP-55852,,,20.43.39.32,49843,,120.126.199.168,80,HIGH,9,1
2020-07-13 17:06:08,18436613597699778,PAN-IDP-55852,PAN-IDP-55852,,,20.43.39.32,56388,,120.126.199.168,80,HIGH,9,1
2020-07-13 17:08:16,18436613597231977,PAN-IDP-55852,PAN-IDP-55852,,,20.43.39.32,57925,,120.126.199.168,80,HIGH,9,1
2020-07-13 17:08:16,18436613597561846,PAN-IDP-55852,PAN-IDP-55852,,,20.43.39.32,51876,,120.126.199.168,80,HIGH,9,1
2020-07-13 17:08:16,18436613597566199,PAN-IDP-55852,PAN-IDP-55852,,,20.43.39.32,63505,,120.126.199.168,80,HIGH,9,1
2020-07-13 17:08:16,18436613597667347,PAN-IDP-55852,PAN-IDP-55852,,,20.43.39.32,54917,,120.126.199.168,80,HIGH,9,1
2020-07-13 17:10:24,18436613597950272,PAN-IDP-55852,PAN-IDP-55852,,,20.43.39.32,55227,,120.126.199.168,80,HIGH,9,1
2020-07-13 17:10:24,18436613597578595,PAN-IDP-55852,PAN-IDP-55852,,,20.43.39.32,62811,,120.126.199.168,80,HIGH,9,1
2020-07-13 17:12:32,18436613598006799,PAN-IDP-55852,PAN-IDP-55852,,,20.43.39.32,55929,,120.126.199.168,80,HIGH,9,1
2020-07-13 17:12:32,18436613598050386,PAN-IDP-55852,PAN-IDP-55852,,,20.43.39.32,65177,,120.126.199.168,80,HIGH,9,1
2020-07-13 17:12:32,18436613597591207,PAN-IDP-55852,PAN-IDP-55852,,,20.43.39.32,58626,,120.126.199.168,80,HIGH,9,1
2020-07-13 17:14:40,18436613597971886,PAN-IDP-55852,PAN-IDP-55852,,,20.43.39.32,53554,,120.126.199.168,80,HIGH,9,1
2020-07-13 17:14:40,18436613598108739,PAN-IDP-55852,PAN-IDP-55852,,,20.43.39.32,61428,,120.126.199.168,80,HIGH,9,1
2020-07-13 17:14:40,18436613597797825,PAN-IDP-55852,PAN-IDP-55852,,,20.43.39.32,56929,,120.126.199.168,80,HIGH,9,1
2020-07-13 17:14:40,18436613598359508,PAN-IDP-55852,PAN-IDP-55852,,,20.43.39.32,50921,,120.126.199.168,80,HIGH,9,1
2020-07-13 17:14:40,18436613598607280,PAN-IDP-55852,PAN-IDP-55852,,,20.43.39.32,61482,,120.126.199.168,80,HIGH,9,1
2020-07-13 17:16:48,18436613598274573,PAN-IDP-55852,PAN-IDP-55852,,,20.43.39.32,59108,,120.126.199.168,80,HIGH,9,1
2020-07-13 17:16:48,18436613598088995,PAN-IDP-55852,PAN-IDP-55852,,,20.43.39.32,55430,,120.126.199.168,80,HIGH,9,1
2020-07-13 17:16:48,18436613598380140,PAN-IDP-55852,PAN-IDP-55852,,,20.43.39.32,49422,,120.126.199.168,80,HIGH,9,1
2020-07-13 17:16:48,18436613598143990,PAN-IDP-55852,PAN-IDP-55852,,,20.43.39.32,56129,,120.126.199.168,80,HIGH,9,1
2020-07-13 17:18:56,18436613598853274,PAN-IDP-55852,PAN-IDP-55852,,,20.43.39.32,51023,,120.126.199.168,80,HIGH,9,1
2020-07-13 17:18:56,18436613598903175,PAN-IDP-55852,PAN-IDP-55852,,,20.43.39.32,63858,,120.126.199.168,80,HIGH,9,1
2020-07-13 17:18:56,18436613599100328,PAN-IDP-55852,PAN-IDP-55852,,,20.43.39.32,60194,,120.126.199.168,80,HIGH,9,1
2020-07-13 17:18:56,18436613598693233,PAN-IDP-55852,PAN-IDP-55852,,,20.43.39.32,51739,,120.126.199.168,80,HIGH,9,1
2020-07-13 17:18:56,18436613599013440,PAN-IDP-55852,PAN-IDP-55852,,,20.43.39.32,61136,,120.126.199.168,80,HIGH,9,1
2020-07-13 17:21:04,18436613599259555,PAN-IDP-55852,PAN-IDP-55852,,,20.43.39.32,56810,,120.126.199.168,80,HIGH,9,1
2020-07-13 17:21:04,18436613598879880,PAN-IDP-55852,PAN-IDP-55852,,,20.43.39.32,53059,,120.126.199.168,80,HIGH,9,1
2020-07-13 17:21:04,18436613599363564,PAN-IDP-55852,PAN-IDP-55852,,,20.43.39.32,64691,,120.126.199.168,80,HIGH,9,1
2020-07-13 17:21:04,18436613599507002,PAN-IDP-55852,PAN-IDP-55852,,,20.43.39.32,58380,,120.126.199.168,80,HIGH,9,1
2020-07-13 17:21:04,18436613598892237,PAN-IDP-55852,PAN-IDP-55852,,,20.43.39.32,51451,,120.126.199.168,80,HIGH,9,1
2020-07-13 17:23:12,18436613599135352,PAN-IDP-55852,PAN-IDP-55852,,,20.43.39.32,59214,,120.126.199.168,80,HIGH,9,1
2020-07-13 17:23:12,18436613599520541,PAN-IDP-55852,PAN-IDP-55852,,,20.43.39.32,53656,,120.126.199.168,80,HIGH,9,1
2020-07-13 17:23:12,18436613598997693,PAN-IDP-55852,PAN-IDP-55852,,,20.43.39.32,50079,,120.126.199.168,80,HIGH,9,1
2020-07-13 17:23:12,18436613599705403,PAN-IDP-55852,PAN-IDP-55852,,,20.43.39.32,62000,,120.126.199.168,80,HIGH,9,1
2020-07-13 17:25:20,18436613599442763,PAN-IDP-55852,PAN-IDP-55852,,,20.43.39.32,57800,,120.126.199.168,80,HIGH,9,1
2020-07-13 17:25:20,18436613599628582,PAN-IDP-55852,PAN-IDP-55852,,,20.43.39.32,58507,,120.126.199.168,80,HIGH,9,1
2020-07-13 17:25:20,18436613599957144,PAN-IDP-55852,PAN-IDP-55852,,,20.43.39.32,64777,,120.126.199.168,80,HIGH,9,1
2020-07-13 17:25:20,18436613600009832,PAN-IDP-55852,PAN-IDP-55852,,,20.43.39.32,57271,,120.126.199.168,80,HIGH,9,1
2020-07-13 17:27:28,18436613600209272,PAN-IDP-55852,PAN-IDP-55852,,,20.43.39.32,51870,,120.126.199.168,80,HIGH,9,1
2020-07-13 17:27:28,18436613599970447,PAN-IDP-55852,PAN-IDP-55852,,,20.43.39.32,64594,,120.126.199.168,80,HIGH,9,1
2020-07-13 17:27:28,18436613599974137,PAN-IDP-55852,PAN-IDP-55852,,,20.43.39.32,57975,,120.126.199.168,80,HIGH,9,1
2020-07-13 17:27:28,18436613600403667,PAN-IDP-55852,PAN-IDP-55852,,,20.43.39.32,52928,,120.126.199.168,80,HIGH,9,1
2020-07-13 17:27:28,18436613599838222,PAN-IDP-55852,PAN-IDP-55852,,,20.43.39.32,65115,,120.126.199.168,80,HIGH,9,1
2020-07-13 17:29:36,18436613599938282,PAN-IDP-55852,PAN-IDP-55852,,,20.43.39.32,62684,,120.126.199.168,80,HIGH,9,1
2020-07-13 17:29:36,18436613599895079,PAN-IDP-55852,PAN-IDP-55852,,,20.43.39.32,57028,,120.126.199.168,80,HIGH,9,1
2020-07-13 17:29:36,18436613600599896,PAN-IDP-55852,PAN-IDP-55852,,,20.43.39.32,64978,,120.126.199.168,80,HIGH,9,1
2020-07-13 17:29:36,18436613600096257,PAN-IDP-55852,PAN-IDP-55852,,,20.43.39.32,59226,,120.126.199.168,80,HIGH,9,1
2020-07-13 17:31:44,18436613600850198,PAN-IDP-55852,PAN-IDP-55852,,,20.43.39.32,56447,,120.126.199.168,80,HIGH,9,1
2020-07-13 17:31:44,18436613600430837,PAN-IDP-55852,PAN-IDP-55852,,,20.43.39.32,53439,,120.126.199.168,80,HIGH,9,1
2020-07-13 17:31:44,18436613600759486,PAN-IDP-55852,PAN-IDP-55852,,,20.43.39.32,63627,,120.126.199.168,80,HIGH,9,1
2020-07-13 17:31:44,18436613600861834,PAN-IDP-55852,PAN-IDP-55852,,,20.43.39.32,59315,,120.126.199.168,80,HIGH,9,1
2020-07-13 17:33:52,18436613600574221,PAN-IDP-55852,PAN-IDP-55852,,,20.43.39.32,52469,,120.126.199.168,80,HIGH,9,1
2020-07-13 17:33:52,18436613601062862,PAN-IDP-55852,PAN-IDP-55852,,,20.43.39.32,62645,,120.126.199.168,80,HIGH,9,1
2020-07-13 17:33:52,18436613601201267,PAN-IDP-55852,PAN-IDP-55852,,,20.43.39.32,54169,,120.126.199.168,80,HIGH,9,1
2020-07-13 17:33:52,18436613600684308,PAN-IDP-55852,PAN-IDP-55852,,,20.43.39.32,64475,,120.126.199.168,80,HIGH,9,1
2020-07-13 17:36:00,18436613601075003,PAN-IDP-55852,PAN-IDP-55852,,,20.43.39.32,57291,,120.126.199.168,80,HIGH,9,1
2020-07-13 17:38:08,18436613600934619,PAN-IDP-55852,PAN-IDP-55852,,,20.43.39.32,53956,,120.126.199.168,80,HIGH,9,1
2020-07-13 17:38:08,18436613600744308,PAN-IDP-55852,PAN-IDP-55852,,,20.43.39.32,63649,,120.126.199.168,80,HIGH,9,1
2020-07-13 17:38:08,18436613600795665,PAN-IDP-55852,PAN-IDP-55852,,,20.43.39.32,61468,,120.126.199.168,80,HIGH,9,1
2020-07-13 17:38:08,18436613601598582,PAN-IDP-55852,PAN-IDP-55852,,,20.43.39.32,55951,,120.126.199.168,80,HIGH,9,1
2020-07-13 17:38:08,18436613601229965,PAN-IDP-55852,PAN-IDP-55852,,,20.43.39.32,50925,,120.126.199.168,80,HIGH,9,1
2020-07-13 17:40:16,18436613601606492,PAN-IDP-55852,PAN-IDP-55852,,,20.43.39.32,60850,,120.126.199.168,80,HIGH,9,1
2020-07-13 17:40:16,18436613601146226,PAN-IDP-55852,PAN-IDP-55852,,,20.43.39.32,55073,,120.126.199.168,80,HIGH,9,1
2020-07-13 17:40:16,18436613601565601,PAN-IDP-55852,PAN-IDP-55852,,,20.43.39.32,49768,,120.126.199.168,80,HIGH,9,1
2020-07-13 17:40:16,18436613601425940,PAN-IDP-55852,PAN-IDP-55852,,,20.43.39.32,63967,,120.126.199.168,80,HIGH,9,1
2020-07-13 17:42:24,18436613601574153,PAN-IDP-55852,PAN-IDP-55852,,,20.43.39.32,56271,,120.126.199.168,80,HIGH,9,1
2020-07-13 17:42:24,18436613601822940,PAN-IDP-55852,PAN-IDP-55852,,,20.43.39.32,51828,,120.126.199.168,80,HIGH,9,1
2020-07-13 17:42:24,18436613601875464,PAN-IDP-55852,PAN-IDP-55852,,,20.43.39.32,61148,,120.126.199.168,80,HIGH,9,1
2020-07-13 17:42:24,18436613601494392,PAN-IDP-55852,PAN-IDP-55852,,,20.43.39.32,51375,,120.126.199.168,80,HIGH,9,1
2020-07-13 17:44:32,18436613601886819,PAN-IDP-55852,PAN-IDP-55852,,,20.43.39.32,57340,,120.126.199.168,80,HIGH,9,1
